[
  {
    "relative_day": "t-3",
    "date": "2025-12-08",
    "search_volume": 70,
    "sentiment": 0.0258
  },
  {
    "relative_day": "t-2",
    "date": "2025-12-09",
    "search_volume": 0,
    "sentiment": 0.0
  },
  {
    "relative_day": "t-1",
    "date": "2025-12-10",
    "search_volume": 0,
    "sentiment": 0.7351
  },
  {
    "relative_day": "t0",
    "date": "2025-12-11",
    "search_volume": 100,
    "sentiment": 0.4605333333333333
  },
  {
    "relative_day": "t+1",
    "date": "2025-12-12",
    "search_volume": 0,
    "sentiment": 0.0
  },
  {
    "relative_day": "t+2",
    "date": "2025-12-13",
    "search_volume": 0,
    "sentiment": 0.0
  }
]