{
  "official_break_date": "2025-12-11",
  "analysis_window": "t-3 to t+3",
  "pre_break_article_count": 3,
  "metrics": {
    "pre_avg_search": 23.333333333333332,
    "post_avg_search": 33.333333333333336,
    "pre_avg_sentiment": 0.2536333333333333,
    "post_avg_sentiment": 0.1535111111111111,
    "search_change_pct": 42.857142857142875,
    "sentiment_change": -0.10012222222222222
  },
  "interpretation": {
    "early_signal_present": true,
    "interest_increased_after_break": true,
    "sentiment_shift": -0.10012222222222222
  }
}