source,title,description,url,date,sentiment
Antaranews.com,Huawei Digital Power's Full-Lifecycle BESS Safety Quantitative Assessment System Earns Top Appraisal,"Huawei Digital Power, in collaboration with leading industry partners, has successfully passed a rigorous technical appraisal conducted by the China ...",https://en.antaranews.com/news/396064/huawei-digital-powers-full-lifecycle-bess-safety-quantitative-assessment-system-earns-top-appraisal,2025-12-11,0.6908
ABC News,The Philippines tests ‘transition credits’ to cut coal use in novel experiment,The Philippines is testing a new type of carbon credit aimed at encouraging companies to cut their climate warming emissions,https://abcnews.go.com/Business/wireStory/philippines-tests-transition-credits-cut-coal-experiment-128301788,2025-12-11,0.6908
Lifesciencesworld.com,What is the biggest ammonia plant?,"What is the Biggest Ammonia Plant? Unveiling the Giant The largest ammonia plant in the world is the Togliattiazot plant in Russia. This behemoth produces over 3 million metric tons of ammonia annually, making it a global leader in fertilizer production. Ammo…",https://www.lifesciencesworld.com/what-is-the-biggest-ammonia-plant/,2025-12-11,0.0
PCMag.com,Amazon Kindle Scribe Colorsoft,"The Kindle Scribe Colorsoft (starting at $629.99) brings color to Amazon's largest E Ink display, making it an appealing choice for taking notes and reading comics. Its included stylus and robust note-taking software are genuinely effective, and its color E I…",https://me.pcmag.com/en/ebook-readers/34062/amazon-kindle-scribe-colorsoft,2025-12-10,0.7351
PCMag.com,Amazon Kindle Scribe Colorsoft,"The Kindle Scribe Colorsoft (starting at $629.99) brings color to Amazon's largest E Ink display, making it an appealing choice for taking notes and reading comics. Its included stylus and robust note-taking software are genuinely effective, and its color E I…",https://uk.pcmag.com/ebook-readers/161951/amazon-kindle-scribe-colorsoft,2025-12-10,0.7351
Cisa.gov,"Vulnerability Summary for the Week of December 1, 2025","High Vulnerabilities

<table>

<tr>
<th>PrimaryVendor -- Product</th>
<th>Description</th>
<th>Published</th>
<th>CVSS Score</th>
<th>Source Info</th>
<th>Patch Info</th>
</tr>



<tr>
<td>10web--10Web Booster Website speed optimization, Cache & Page Speed …",https://www.cisa.gov/news-events/bulletins/sb25-342,2025-12-08,0.0258
Slashdot.org,"No Rise in Radiation Levels at Chernobyl, Despite Damage from February's Drone Strike","UPDATE (12/7): The New York Times clarifies today that the damage at Chernobyl hasn't led to a rise in radiation levels:


""If there was to be some event inside the shelter that would release radioactive materials into the space inside the New Safe Confinemen…",https://hardware.slashdot.org/story/25/12/06/1916232/no-rise-in-radiation-levels-at-chernobyl-despite-damage-from-februarys-drone-strike,2025-12-07,0.1351
Juancole.com,"A Path Away from Fossil Fuels already Exists, COP30 or No","Existing plans to triple renewable energy, double efficiency, and slash methane — coupled with real regulations like the EU’s — offer a way forward. By Daphne Wysham, Trina Chiemi | November 28, 2025 ( Foreign Policy in Focus ) - It appeared to be a grim déjà…",https://www.juancole.com/2025/12/fossil-already-exists.html,2025-12-07,-0.2263
Semianalysis.com,AWS Trainium3 Deep Dive – A Potential Challenger Approaching,"NL72x2/NL32x2 Scale Up Rack Architecture, Step-Function Software & System Improvements, Optimized Perf per TCO, “Amazon Basics” GB200 NVL36x2, Astera Labs, Trainium4",https://newsletter.semianalysis.com/p/aws-trainium3-deep-dive-a-potential,2025-12-04,0.7003
Nature.com,Multimodal foundation transformer models for multiscale genomics,This Perspective overviews recent and emerging developments in building and using multimodal foundation models based on transformers for analyzing various types of genomics data.,https://www.nature.com/articles/s41592-025-02918-6,2025-12-01,0.0
BusinessLine,Huawei Digital Power’s Full-Lifecycle BESS Safety Quantitative Assessment System Earns Top Appraisal,Huawei Digital Power’s Full-Lifecycle BESS Safety Quantitative Assessment System Earns Top Appraisal,https://www.thehindubusinessline.com/brandhub/huawei-digital-powers-full-lifecycle-bess-safety-quantitative-assessment-system-earns-top-appraisal/article70333920.ece,2025-11-28,0.802
Mercola.com,A Cysteine-Rich Diet Promotes Regeneration of Your Intestinal Lining,"Your gut lining is one of the most active and self-renewing tissues in your body. Every few days, millions of cells are replaced to keep your intestinal barrier strong and your digestion efficient. But that renewal process depends on more than time — it requi…",https://articles.mercola.com/sites/articles/archive/2025/11/27/cysteine-for-gut-health.aspx,2025-11-27,0.6701
CleanTechnica,Hawaii’s LNG Detour: Why A Fossil Bridge Arriving In The 2030s Makes No Sense,Hawaii is re-evaluating its electricity system again and LNG is back on the table as a proposed bridge between oil dependence and a renewable future. The idea is simple at first glance. Hawaii burns more oil for electricity than any other state and Oahu still…,https://cleantechnica.com/2025/11/25/hawaiis-lng-detour-why-a-fossil-bridge-arriving-in-the-2030s-makes-no-sense/,2025-11-25,-0.296
Cisa.gov,"Vulnerability Summary for the Week of November 17, 2025","<!--?xml version=""1.0"" standalone=""yes""??-->
High Vulnerabilities

<table>

<tr>
<th>PrimaryVendor -- Product</th>
<th>Description</th>
<th>Published</th>
<th>CVSS Score</th>
<th>Source Info</th>
<th>Patch Info</th>
</tr>



<tr>
<td>ABB--ABB Ability Edgeni…",https://www.cisa.gov/news-events/bulletins/sb25-328,2025-11-24,-0.2575
Japan Today,Another faulty antiterrorism measure found at TEPCO's Kashiwazaki nuclear plant,"Japan's nuclear watchdog said Thursday another faulty antiterrorism measure had been found at the Kashiwazaki-Kariwa nuclear complex, operated by Tokyo Electric Power Company Holdings Inc. The Nuclear Regulation Authority convened an emergency meeting to disc…",https://japantoday.com/category/national/tepco%27s-kashiwazaki-nuclear-plant-hit-with-another-security-flaw,2025-11-20,-0.7096
Plos.org,Forecasting urban air quality in Paris using ensemble machine learning: A scalable framework for environmental management,"Urban air pollution poses a significant threat to public health and urban sustainability in megacities like Paris. We cast forecasting as a short-term, next-hour prediction task for PM2.5, NO, and CO, using hourly meteorology and recent pollutant history as i…",https://journals.plos.org/plosone/article?id=10.1371/journal.pone.0336897,2025-11-20,-0.0258
Geeky Gadgets,Are 800 mile EVs near? Inside the 2027 Push for Solid-State Batteries,"What if the future of energy storage was already here, quietly reshaping industries and redefining possibilities? For decades, solid-state batteries have been heralded as the holy grail of energy innovation, promising safer, lighter, and more efficient power …",https://www.geeky-gadgets.com/solid-state-batteries-2027-commercialization/,2025-11-20,0.9294
Scientific American,How Fossil-Fuel Companies Are Driving Plastic Production and Pollution,"To keep profits rolling in, oil and gas companies want to turn fossil fuels into a mounting pile of packaging and other plastic products",https://www.scientificamerican.com/article/how-fossil-fuel-companies-are-driving-plastic-production-and-pollution/,2025-11-18,0.4939
Plos.org,KAN-GLNet: An enhanced PointNet++ model for canola silique segmentation and counting,"Accurate analysis of plant phenotypic traits is crucial for crop breeding and precision agriculture. This study proposes a lightweight semantic segmentation model named KAN-GLNet (Kolmogorov–Arnold Network with Global–Local Feature Modulation), based on an en…",https://journals.plos.org/plosone/article?id=10.1371/journal.pone.0336622,2025-11-17,0.0
Plos.org,A lightweight model and corn leaf disease recognition,"Corn is a critical food crop globally, widely cultivated due to its strong adaptability. However, it is susceptible to various diseases, necessitating advanced intelligent detection methods to enhance disease prevention, control efficacy, and production effic…",https://journals.plos.org/plosone/article?id=10.1371/journal.pone.0336945,2025-11-17,0.7184
CleanTechnica,Nation-Building or Asset Stranding: What Canada’s Latest Megaprojects Tell Us,"Canada’s second tranche of Major Projects Office investments arrives with a familiar mixture of ambition and contradiction. Ottawa has presented it as another step in a nation-building program that spans critical minerals, northern electrification, reconcilia…",https://cleantechnica.com/2025/11/15/nation-building-or-asset-stranding-what-canadas-latest-megaprojects-tell-us/,2025-11-15,-0.2023
ABC News (AU),Can Australia refine rare earths without repeating China's mistakes?,"As Australia races to scale up refining of rare earths, a thorny question looms: where does all the toxic wastewater go?",https://www.abc.net.au/news/2025-11-15/australia-refining-rare-earths-environmental-challenges/105969994,2025-11-15,-0.2382
Plos.org,From pipes to streams: The hidden influence of orthophosphate additions on urban waterways,"We present clear evidence that orthophosphate (PO43-), commonly used by drinking water treatment plant (DWTP) operators to reduce lead pipe corrosion, can move beyond its intended domain and enter urban stream networks. This migration influences stream biogeo…",https://journals.plos.org/water/article?id=10.1371/journal.pwat.0000432,2025-11-14,0.3818
CleanTechnica,The Short List of Climate Actions That Will Work,"A few months ago, I was invited by Dr. Sebastian Husein of the Battery Centre Twente to speak at the University of Twente’s 2025 Climate Event, a hybrid discussion with multiple speakers engaging with an audience of academics in the Netherlands and neighborin…",https://cleantechnica.com/2025/11/13/the-short-list-of-climate-actions-that-will-work-2/,2025-11-14,0.34
