source,title,description,url,date
PCMag.com,Amazon Kindle Scribe Colorsoft,"The Kindle Scribe Colorsoft (starting at $629.99) brings color to Amazon's largest E Ink display, making it an appealing choice for taking notes and reading comics. Its included stylus and robust note-taking software are genuinely effective, and its color E I…",https://me.pcmag.com/en/ebook-readers/34062/amazon-kindle-scribe-colorsoft,2025-12-10
PCMag.com,Amazon Kindle Scribe Colorsoft,"The Kindle Scribe Colorsoft (starting at $629.99) brings color to Amazon's largest E Ink display, making it an appealing choice for taking notes and reading comics. Its included stylus and robust note-taking software are genuinely effective, and its color E I…",https://uk.pcmag.com/ebook-readers/161951/amazon-kindle-scribe-colorsoft,2025-12-10
Cisa.gov,"Vulnerability Summary for the Week of December 1, 2025","High Vulnerabilities

<table>

<tr>
<th>PrimaryVendor -- Product</th>
<th>Description</th>
<th>Published</th>
<th>CVSS Score</th>
<th>Source Info</th>
<th>Patch Info</th>
</tr>



<tr>
<td>10web--10Web Booster Website speed optimization, Cache & Page Speed …",https://www.cisa.gov/news-events/bulletins/sb25-342,2025-12-08
